<?xml version="1.0" encoding="UTF-8"?>
<project-private xmlns="http://www.netbeans.org/ns/project-private/1">
    <editor-bookmarks xmlns="http://www.netbeans.org/ns/editor-bookmarks/2" lastBookmarkId="0"/>
    <open-files xmlns="http://www.netbeans.org/ns/projectui-open-files/2">
        <group>
            <file>file:/home/hriou@jolsio.net/Documents/Etape_5/G_17_RIOU_KERLAU_E_5/1SLAM_PROJET2_THALI_MINI/src/gui/JFrameAjouterExcursion.java</file>
            <file>file:/home/hriou@jolsio.net/Documents/Etape_5/G_17_RIOU_KERLAU_E_5/1SLAM_PROJET2_THALI_MINI/src/gui/JFrameLesExcursions.java</file>
            <file>file:/home/hriou@jolsio.net/Documents/Etape_5/G_17_RIOU_KERLAU_E_5/1SLAM_PROJET2_THALI_MINI/src/gui/JFrameAjouterEtape.java</file>
        </group>
    </open-files>
</project-private>
