<?xml version="1.0" encoding="UTF-8"?>
<project-private xmlns="http://www.netbeans.org/ns/project-private/1">
    <editor-bookmarks xmlns="http://www.netbeans.org/ns/editor-bookmarks/2" lastBookmarkId="0"/>
    <open-files xmlns="http://www.netbeans.org/ns/projectui-open-files/2">
        <group>
            <file>file:/home/hriou@jolsio.net/Documents/TC5/projet_bibliotheque/gestionLivres.php</file>
            <file>file:/home/hriou@jolsio.net/Documents/TC5/projet_bibliotheque/ajoutLivres.php</file>
            <file>file:/home/hriou@jolsio.net/Documents/TC5/projet_bibliotheque/connexion.php</file>
            <file>file:/home/hriou@jolsio.net/Documents/TC5/projet_bibliotheque/livres.php</file>
        </group>
    </open-files>
</project-private>
